,Pg_max,Pg_min,Qg_max,Qg_min,C_Pg
6,11.47,0,4,-2,23.532556
73,4.51,0,2.26,-0.72,30.409326
76,11.27,0,5.64,-1.7,19.040386
99,3.66,0,0.756,-0.606,19.686835
101,1.1,0,0.386,-0.244,38.489977
108,11.19,0,5.6,-5.6,6.111723
114,3.08,0,0.33,-0.25,22.934184
118,4.55,0,1,-0.44,29.747826
121,7,0,2.5,-1.2,20.377006
125,25.26,0,12.63,-10.99,7.373082
130,15.93,0,2.88,-1.44,15.234482
131,11.3,0,3.2,-2.65,11.354352
