,Pg_max,Pg_min,Qg_max,Qg_min,C_Pg
30,10.4,0,4,1.4,6.724778
31,6.46,0,3,-1,14.707625
32,0.00725,0,3,1.5,24.804734
33,0.00652,0,2.5,0,34.844643
34,0.00508,0,1.67,0,24.652994
35,0.00687,0,3,-1,32.306483
36,0.0058,0,2.4,0,18.157477
37,0.00564,0,2.5,0,31.550181
38,0.00865,0,3,-1.5,22.503168
39,0.011,0,3,-1,27.434444
